unconquerables	PMIDs_2022
0.0	258.1899466192171
1.0	107.30140485312899
