unconquerables	DOIs_ratio
0.0	0.9334605957710824
1.0	0.5454150464124462
