unconquerables	DOIs_ratio
0.0	0.9965811677117865
1.0	0.5326341692055307
