unconquerables	lenght_years_pubmed
0.0	30.15843346684468
1.0	31.17820512820513
